question_id,answer,grade
1,النبي -صلى الله عليه وسلم- وُلِدَ في سنة الفيل بمكة,2
1,وُلِدَ النبي محمد في العام 572 هجريًا,1
1,في عام 571، وُلِدَ الرسول -صلى الله عليه وسلم-,2
1,رؤية النور كانت في عام 572 ميلادي,1
1,ولد رسول الله صلى الله عليه وسلم في العام العاشر من عمره النبوي,0
1,ولد رسول الله صلى الله عليه وسلم في العام الخامس والثلاثين بعد الفيل,0
1,وُلِدَ رسول الله في سنة الفيل المباركة,2
1,ولد النبي محمد صلى الله عليه وسلم في مكة المكرمة في العام 570 هـ,1
1,السنة الفيلية شهدت وُلادة النبي -صلى الله عليه وسلم-,2
1,رؤية النور في عام 570 هجريًا,1
1,ميلاد النبي صلى الله عليه وسلم كان في سنة الفيل 571م,2
1,ولد النبي محمد صلى الله عليه وسلم في مكة المكرمة في العام 571 ميلادي,1
1,ولد الرسول صلَّى الله عليه وسلَّم في عام 571م,2
1,رسول الله صلى الله عليه وسلم ولد في السنة 571 بعد الميلاد,1
1,وُلِدَ رسول الله -صلى الله عليه وسلم- في العام 572,0
1,رؤية النور في عام 569 ميلادي,0
1,مولد النبي صلى الله عليه وسلم في العام الفائت,0
1,في سنة الفيل وُلِدَ الحبيب -صلى الله عليه وسلم-,1
1,النبي -صلى الله عليه وسلم- وُلِدَ في 569 ميلادي,0
1,في عام الفيل، وُلِدَ رسول الله -صلى الله عليه وسلم-,2
1,رؤية النور حدثت في عام 569 ميلادي,0
1,وُلِدَ النبي -صلى الله عليه وسلم- في سنة الفيل 571م,2
1,في عام 571، وُلِدَ رسول الله -صلى الله عليه وسلم-,2
1,ولد النبي محمد صلى الله عليه وسلم في مكة المكرمة في العام 571 هـ,1
1,وُلد في 571م,2
1,وُلِدَ الحبيب -صلى الله عليه وسلم- في عام الفيل,1
1,ولد رسول الله صلى الله عليه وسلم في مكة المكرمة في العام 571 هـ,1
1,وُلِدَ الحبيب -صلى الله عليه وسلم- في مكة المكرمة,1
1,ولد رسول الله صلى الله عليه وسلم في العام الخامس والثلاثين بعد الفيل,2
1,وُلِدَ النبي محمد في سنة الفيل عام 572 هجريًا,1
1,وُلد النبي -صلَّى الله عليه وسلم- في الثاني عشر من شهر ربيع الأول، في يوم الاثنين من عام الفيل,2
1,عام الفيل، الذي يوافق سنة 571م، هو عام ميلاد الرسول صلى الله عليه وسلم,2
1,ولد  صلَّى الله عليه وسلَّم في عام 571م,2
1,رسول الله صلى الله عليه وسلم ولد في مكة المكرمة في العام 570 بعد الميلاد,1
1,ولد النبي صلى الله عليه وسلم في مكة المكرمة في العام الخامس عشر بعد الفيل,0
1,ولد النبي صلى الله عليه وسلم في السنة 570 ميلادية,1
1,رسول الله صلى الله عليه وسلم ولد في السنة 570 هجري,1
1,النبي -صلى الله عليه وسلم- وُلِدَ في سنة 570,0
1,السنة الفيلية شهدت ولادة الرسول -صلى الله عليه وسلم-,2
1,ولد النبي صلى الله عليه وسلم في العام الخامس عشر بعد الفيل,0
1,رسول الله صلى الله عليه وسلم ولد في مكة المكرمة في العام 570 هـ,1
1,عام الفيل، 571 ميلادي,2
1,السنة الفيلية شهدت ولادة النبي -صلى الله عليه وسلم-,2
1,مولد النبي صلى الله عليه وسلم كان في عام الفيل,2
1,رسول الله صلى الله عليه وسلم ولد في العام الخامس والثلاثين بعد الفيل,2
1,في 571م وُلد النبي,2
1,ولد في الثاني عشر من ربيع الأول عام الفيل ، الموافق 20 أبريل 571 م,2
1,في العام 570، رؤيا النور كانت بداية حياة النبي,1
1,النبي -صلى الله عليه وسلم- وُلِدَ في سنة الفيل,2
1,ولد النبي محمد صلى الله عليه وسلم في مكة المكرمة,1
1,رسول الله صلى الله عليه وسلم ولد في مكة المكرمة في العام العاشر من عمره النبوي,0
1,ولد رسول الله صلى الله عليه وسلم في العام الخامس عشر بعد الفيل في مكة المكرمة,0
1,571 ميلادي,2
1,رؤية النور حدثت في عام 571 هجريًا,1
1,في عام 573 هجريًا، وُلِدَ النبي -صلى الله عليه وسلم-,0
1,النبي -صلى الله عليه وسلم- وُلِدَ في سنة 573,0
1,رسول الله صلى الله عليه وسلم ولد في العام 571 هجري,1
1,ولد رسول الله صلى الله عليه وسلم في شهر رمضان,0
1,رسول الله صلى الله عليه وسلم ولد في مكة المكرمة في العام الخامس عشر بعد الفيل,2
1,وُلِدَ النبي -صلى الله عليه وسلم- في سنة 572,0
1,رسول الله صلى الله عليه وسلم ولد في العام الخامس والثلاثين بعد الفيل في مكة المكرمة,2
1,ولد النبي صلى الله عليه وسلم في العام 570 هـ,1
1,ولد رسول الله صلى الله عليه وسلم في العام الخامس والثلاثين بعد الفيل في مكة المكرمة,2
1,عام الفيل 571,2
1,وُلِدَ النبي في العام الذي قبل سنة الفيل بقليل,1
1,ولد النبي محمد صلى الله عليه وسلم في العام 570 ميلادي,1
1,عام الفيل 571م: ميلاد رسول الله ﷺ,2
1,ولد النبي صلى الله عليه وسلم في مكة المكرمة في العام 570 هـ,1
1,رؤية النور في عام 570 ميلادي,1
1,ولد النبي صلى الله عليه وسلم في مكة المكرمة عام 571 هـ,1
1,ولد محمد صلَّى الله عليه وسلَّم في عام 571م,2
1,ولد الرسول في عام الفيل,2
1,عام مولد الرسول هو 571م,2
1,ولد النبي صلى الله عليه وسلم في مكة المكرمة عام 570 هـ,1
1,رسول الله صلى الله عليه وسلم ولد في مكة المكرمة في عام الفيل,2
1,رسول الله صلى الله عليه وسلم ولد في مكة المكرمة في العام السابع عشر بعد الفيل,2
1,رسول الله صلى الله عليه وسلم ولد في العام 571 ميلادي,1
1,في سنة571م,0
1,ولد النبي صلى الله عليه وسلم في العام 571 هجري,1
1,ولد النبي محمد صلى الله عليه وسلم في مكة المكرمة في عام الفيل,2
1,ولد رسول الله صلى الله عليه وسلم في مكة المكرمة في العام 570,1
1,رسول الله صلى الله عليه وسلم ولد في العام 570 بعد الميلاد,1
1,ولد رسول الله -صلَّى الله عليه وسلَّم- في عام الفيل 571م,2
1,ولد النبي صلى الله عليه وسلم في مكة المكرمة في العام العاشر من عمره النبوي,0
1,وُلِدَ الحبيب -صلى الله عليه وسلم- في العام 570,1
1,ولد رسول الله صلى الله عليه وسلم في عام الفيل,1
1,ولد النبي صلى الله عليه وسلم في السادس عشر من ربيع الأول,0
1,النبي صلى الله عليه وسلم ولد في العام الخامس عشر بعد الفيل,0
1,النبي -صلى الله عليه وسلم- وُلِدَ في مكة المكرمة في 570,1
1,ولد النبي محمد صلى الله عليه وسلم في العام 570 بعد الميلاد,1
1,مولد النبي صلى الله عليه وسلم في مكة المكرمة,2
1,في عام 574 ميلادي، وُلِدَ النبي -صلى الله عليه وسلم-,0
1,وُلِدَ النبي -صلى الله عليه وسلم- في سنة الفيل عام 570م,0
1,في عام الفيل ,0
1,في سنة الفيل، وُلِدَ نبي الرحمة -صلى الله عليه وسلم-,2
1,رسول الله صلى الله عليه وسلم ولد في مكة المكرمة,1
1,رسول الله صلى الله عليه وسلم ولد في السادس عشر من ربيع الأول,0
1,رسول الله صلى الله عليه وسلم ولد في العام 570 هـ,1
1,ولد الرسول في 571م,2
1,محمد صلى الله عليه وسلم وُلد في 571م,2
1,ولد النبي صلى الله عليه وسلم في العام الخامس والثلاثين بعد الفيل,0
1,النبي -صلى الله عليه وسلم- وُلِدَ في 572 بمكة,0
1,في سنة الفيل وُلِدَ النبي محمد -صلى الله عليه وسلم-,2
1,رسول الله صلى الله عليه وسلم ولد في العام 571 بعد الميلاد,1
1,ولد رسول الله صلى الله عليه وسلم في مكة المكرمة في العام 571 بعد الميلاد,1
1,رسول الله صلى الله عليه وسلم ولد في مدينة الطائف,0
1,النبي -صلى الله عليه وسلم- وُلِدَ في مكة المكرمة,1
1,رسول الله صلى الله عليه وسلم ولد في مكة المكرمة عام 570,1
1,في سنة الفيل وُلِدَ النبي الكريم -صلى الله عليه وسلم-,2
1,ولد رسول الله صلى الله عليه وسلم في السابع عشر من ربيع الأول,2
2,نزل ميكائيل عليه السلام على الرسول في أول وحي له ليُعلّمه آيات القرآن الكريم.,0
2,في عتمة الغار، تلقى الرسول نفحاتِ الوحي، كلماتٍ نورانيةٍ على لسان ملاكٍ,1
2,في غارِ حراء، ظهر للرسول ملاكٌ يُغيّرُ مجرىَ التاريخ.,1
2,من وراء حجاب النور، تكلّم ملاكٌ بكلام الله، فحمل قلبُ الرسول أمانةً ثقيلة، ومصيرًا مشرقًا,1
2,في رحلةٍ من التأمل والعزلة، اختصَ اللهُ عزَّ وجلَّ النبيَّ محمدٍ صلَّى اللهُ عليهِ وسلَّمَ ليكون نبيَّه، وأنزَل عليه الوحيَ بلسانِ الملكِ جبريلَ عليهِ السلام.,2
2,عهدٍ إلهيٍ محمولٍ على أجنحة الملائكة، تلقى الرسول أمانةَ النبوة في غار حراء,1
2,ظهر للرسول في أول وحي له نوح عليه السلام.,0
2,ظهر ميكائيل للنبي محمد في الوحي الأول.,0
2,لحظةٌ مقدسة، نورٌ يهبطُ من عليٍ، ملاكٌ يحملُ أمانةً ثقيلة، يُكلمُ اللهُ نبيّه.,1
2,ظهر جبريل عليه السلام للنبي محمد في الوحي الأول.,2
2,ظهر ملك للنبي ,1
2, نزل عليه ميكائيل ,0
2,ملاك جبريل عليه السلام ,2
2,صمتُ الغار تنفجر فيه كلماتٌ سماوية، ملاكٌ يُنـزلُ الوحي على قلبٍ مُؤمن,1
2,ظهر الكرام الكاتبون للنبي محمد في الوحي الأول.,0
2,ظهرَ الملكُ جبريل للنبي محمدٍ صلى الله عليه وسلم في أولِ وحيٍ له.,2
2, الكرام الكاتبون ,0
2,ظهر الملك القائد للنبي محمد في الوحي الأول.,1
2,حملَ الملكُ جبريلُ عليهِ السلام رسالةً إلهيةً إلى النبيِّ محمدٍ صلَّى اللهُ عليهِ وسلَّمَ في أولِ وحيٍ له.,2
2,ي لحظةٍ إيمانيةٍ عظيمة، نزل الملك جبريل على النبي محمد ليُعلن بدء عهدٍ جديد.,2
2,في غار حراء، ظهر للرسول في أول وحي له جبريل عليه السلام حاملًا رسالة الوحي.,2
2,تلقى النبيُّ محمدٌ صلَّى اللهُ عليهِ وسلَّمَ الوحيَ الإلهي منَ الملكِ جبريلَ عليهِ السلام،,2
2,بأمرٍ رباني، هبط إسرافيل عليه السلام على الرسول,0
2, جبريل عليه السلام ,2
2,جبريل هو من أنزل الوحي على النبيّ,2
2,المَلَك القائد ,2
2,بشّر ميكائيل عليه السلام الرسول في أول وحي له ببدء رسالته العظيمة.,0
2,نزلَ الملكُ جبريلُ عليهِ السلام على النبيِّ محمدٍ صلَّى اللهُ عليهِ وسلَّمَ بأولِ آياتٍ منَ القرآنِ الكريم.,2
2,ظهر للرسول في أول وحي له موسى عليه السلام,0
2,جبريل ,2
2,الملك جبريل عليه السلام ,2
2,في فجر غار حراء، همس ملاكٌ بأولى كلماتٍ إلهية، فسطرت على قلب النبي، فجرًا جديدًا للعالم.,1
2,بشّر أحد الملائكة الرسول ببدء رحلة النبوة,1
2,ظهر ملك للنبي محمد في الوحي الأول.,1
2,صدحت أنغامُ الوحي مع نزول إسرافيل عليه السلام على الرسول في فجر النبوة.,0
2,مع بدء رحلة النبوة، نزل إسرافيل عليه السلام على الرسول,0
2,ظهر للرسول في أول وحي له أحد الملائكة,1
2,حمل أحد الملائكة كلمات الله تعالى إلى الرسول,1
2,ظهرَ للنبي محمدٍ صلَّى اللهُ عليهِ وسلَّمَ الملكُ جبريلُ عليهِ السلام في أولِ وحيٍ له.,2
2,ظهر ملاك للنبي محمد في الوحي الأول.,1
2,بطَ إسرافيل عليه السلام على الرسول، حاملًا على جناحيه أنوارَ النبوة,0
2,في قلب غار حراء المهيب، تفتّح قلبُ الرسول على نورٍ سماويٍ يفيضُ بحكمة الله، فخاطبته الملائكة بكلماتٍ تُضيءُ ظلماتِ الجهل.,1
2,إسرافيل عليه السلام,0
2,جناح ملاكٍ يُمسُّ قلبَ الرسول بسرٍ إلهي,1
2,ظهر جبريل عليه السلام للنبي محمد في أول وحي له.,2
2,نزل الوحي على الرسول محمد بواسطة أحد الملائكة,1
2,في لحظةٍ مقدسة، اختار اللهُ تعالى إسرافيل عليه السلام ليفتح قلبَ رسوله بنور الوحي والهداية.,0
2,ظهر للرسول في أول وحي له الملك جبريل عليه السلام في غار حراء.,2
2,ظهر للرسول في أول وحي له إسرافيل عليه السلام,0
2,اختارَ اللهُ عزَّ وجلَّ الملكَ جبريلَ عليهِ السلام ليُبشّرَ نبيَّه محمدٍ صلَّى اللهُ عليهِ وسلَّمَ بمسؤولية النبوة العظمى.,2
2,ظهر للرسول في أول وحي له نوح عليه السلام,0
2,ميكائيل عليه السلام,0
2,مع كل رفيفٍ لجناحِ إسرافيل عليه السلام، انزلتُ آياتِ الوحي على قلبِ الرسول,0
2,رأى الرسول أحد الملائكة في الرؤيا حاملاً الوحي,1
2,ظهر للرسول في أول وحي له، ملاكٌ يُنيرُ غارَ حراء.,1
2,مع أول كلمةٍ من الوحي، ظهر للرسول ملاكٌ يُبشّرُ بانتصارِ الحقِ على الباطل,1
2,بُعث الملك جبريل حاملًا رسالة النبوة إلى النبي محمد,2
2,في غار حراء، تجلّى أحد الملائكة للرسول حاملاً بشارة الوحي,1
2,اختاره الله تعالى، فظهر للرسول في أول وحي له ميكائيل عليه السلام.,0
2,الملك جبريل ظهر للنبي محمد في أول وحي له.,2
2,ظهر للرسول في أول وحي له إبراهيم عليه السلام,0
2,في أول لقاءٍ بين الرسول وميكائيل عليه السلام، نزل الوحي الإلهي إيذانًا بانتشار نور الإسلام.,0
2,ملك جبريل عليه السلام ,2
2, نزل عليه ملك ,1
2,اختار الله تعالى أحد الملائكة ليُنزل الوحي على الرسول,1
2,ظهر للرسول في أول وحي له ميكائيل عليه السلام حاملاً رسالة الوحي.,0
2,ختاره اللهُ تعالى ليكونَ نبيًا، فأرسل له إسرافيل عليه السلام,0
2,تلقى النبي محمد الوحي من الملك جبريل,2
2,بأمر الله، بشرَ جبريلُ محمدًا بنبوته الخالدة.,2
2,مع نزول ميكائيل عليه السلام على الرسول في أول وحي له، انطلقت رحلة النبوة والإسلام.,0
2,تجلّى جبريل عليه السلام للرسول في أول وحي له ليُؤسس لدينٍ جديد.,2
2,الملك جبريل ,2
2,ظهر للرسول في أول وحي له آدم عليه السلام,0
2,جاءه جبريلُ بالوحي الأول في غار حراء، ففُتح بابُ النبوة.,2
2,حملَ الملكُ جبريلُ عليهِ السلام إلى النبيِّ محمدٍ صلَّى اللهُ عليهِ وسلَّمَ مفتاح النبوة، وبدأ معه مسيرةً طويلةً ومضيئةً لنشر نور الإسلام وهداية البشرية,2
2,ملك جبريل ظهر للنبي محمد في أول وحي له.,2
2,شهدَ النبيُّ محمدٌ صلَّى اللهُ عليهِ وسلَّمَ الملكَ جبريلَ عليهِ السلام في غارِ حراءَ أثناءَ نزولِ الوحيِ الأول.,2
2,ظهر للرسول في أول وحي له عيسى عليه السلام,0
2,في غار حراء، ظهر للرسول في أول وحي له ميكائيل عليه السلام ليُبشّره بالنبوة.,0
2,مع أول همسٍ من السماء، ظهر للرسول ملاكٌ يُنيرُ قلبهُ بنورٍ إلهي,1
2,ظهر للرسول في أول وحي له ميكائيل عليه السلام إيذانًا ببدء عهدٍ جديد.,0
2,بُعثَ الملكُ جبريلُ عليهِ السلام إلى النبيِّ محمدٍ صلَّى اللهُ عليهِ وسلَّمَ ليفتح قلبه بنور الوحي ويُشرق عليه بحقيقة النبوة.,2
2,ظهر الملاك للنبي محمد في الوحي الأول.,1
2,تلقى الرسول الوحي من أحد الملائكة في لحظةٍ مقدسة,1
2,في لحظةٍ مُقدسة، ظهر للرسول ملاكٌ يُحمّلُه أمانةً ثقيلة.,1
2,مع نزول جبريل عليه السلام على الرسول في أول وحي له، انطلقت رحلة النبوة والإسلام.,2
2,ظهر إسرافيل للنبي محمد في الوحي الأول.,0
2,أوصل أحد الملائكة رسالة الله تعالى إلى الرسول,1
2,الملاك جبريل عليه السلام ,2
2,في ليلة القدر، ظهر للرسول في أول وحي له جبريل عليه السلام ليُبشّره بالنبوة.,2
3,من خزائن العطاء الإلهي، انبلج سيلان: الأول حب محمد، والثاني رحمة آمنة بنت وهب.,2
3,السيدة فاطمة هي الأم الزكية للنبي,0
3,في ظلال الكعبة المشرفة، رأت آمنة بنت وهب فجر الإسلام يشرق بين يديها.,2
3,الرسول محمد والدته ابنة وهب.,1
3,عائشة هي الأم الصالحة لنبي الإسلام,0
3,عائشة أم الرسول,0
3,على دروب مكة المكرمة، خطت آمنة بنت وهب خطواتها، وهي تحمل أثقل أمانة: حمل النبوة.,2
3,من بطنها انبثق النور، ومن حنانها نهل كل روح، بنت وهب، أم من أضاء دروب البشرية.,1
3,خديجةُ نموذجٌ للمرأةِ المسلمةِ المثاليةِ، التي تُساندُ زوجَها وتُشاركُهُ في بناءِ أسرةٍ سعيدةٍ.,0
3,بصوتٍ حنونٍ كصوت المطر، أرضعت آمنة بنت وهب محمداً حب الله ورسالة الإسلام.,2
3,ابنة وهب هي السيدة التي أنجبت النبي.,1
3,أمّ النبي محمّد هي آمنة.,2
3,ولد الرسول محمد من صلب آمنة بنت وهب، سيدة بني زهرة.,2
3,فاطمة، أم النبي المختار,0
3,من شرف بني زهرة، نهل محمد أشعة النبوة من صدر أمه آمنة بنت وهب.,2
3,خديجةُ أمُّ المؤمنين، وسيدةُ نساءِ العالمين، وأمُّ رسولِنا الكريم.,0
3,بين الصحراء والمدينة، صدحت قوافل الرحمة بصوت آمنة، أم نبي الهدى.,2
3,عت أمانة النبوة بنت وهب، غرسًا طيّبًا أثمر خير الدنيا والآخرة.,1
3,بنتُ وهب، أمُ نور الهداية,1
3,من رحمِ خديجةَ، انبثقَ نورُ الإسلامِ، لتُصبحَ أمًّا لخيرِ الأنبياءِ والمرسلين.,0
3,أم الرسول هي آمنة.,2
3,من خلالِ خديجةَ، نتعلمُ معنىَ الإيمانِ الحقيقيِّ والصبرِ والتضحيةِ في سبيلِ اللهِ.,0
3,من شجرة النسب المباركة، تفتحت زهرة الإيمان: بنتُ وهب، التي أهدتنا رسول الرحمة.,1
3,خديجةُ رمزُ الحنانِ والعطاءِ والإيمانِ، وزوجةُ رسولِنا الكريمِ وصديقتُهُ الوفية.,0
3,في لجة التاريخ، تطفو نجمةٌ ساطعة، آمنة، التي منحت البشرية أعظم قائد.,2
3,بنتُ وهب، أمُ من أضاء الدروب,1
3,شجرة الإسلام نبتت من غصنٍ حنون، هو قلب آمنة، أم الرسول الأمين.,2
3,حملت قلب التاريخ أُمًّا عظيمة، آمنة، من صلبها انبثق نور الإسلام.,2
3,الأم المباركة هي ابنة وهب.,1
3,آمنة بنت وهب الزهرية، أم رسول الله محمد صلى الله عليه وسلم.,2
3,فاطمة هي الأم الكريمة لنبي الإسلام,0
3,تُنسج خيوط النبوة من حبٍ لا يحُمد، حب آمنة، أم نبي الإسلام.,2
3,أم النبي هي عائشة,0
3,بنتُ وهب، أمُ نبينا الكريم,1
3,الأم الحانية للرسول هي عائشة,0
3,في رحابِ قريشَ نشأتْ أمُّ رسولِنا,1
3,في كنفِ خديجةَ، وجدَ رسولُنا الكريمِ السكينةَ والدعمَ، فكانتْ خيرَ عونٍ لهُ في دعوتهِ.,0
3,خديجةُ أولُ من آمنَ برسولِنا الكريمِ، وصدقتْهُ ووقفتْ إلى جانبهِ في أصعبِ الأوقاتِ.,0
3,خلدت التاريخ اسم آمنة بنت وهب، أم خير البرية.,2
3,أم الرسول عائشة الصديقة,0
3,تلك التي نالت شرف حمل النور قبل بزوغه، هي آمنة بنت وهب، أم نبي الرحمة.,2
3,بنتُ وهب، أمُ نبي الهدى والرحمة,1
3,بنت وهب هي الأم العظيمة للرسول.,1
3,تُشرفُ قريشُ بأمِّ رسولِها، خيرُ أمٍّ حملتْ نورَ الهدايةِ للعالم.,1
3,حملت آمنة بنت وهب في أحشائها نور الإسلام، محمد بن عبد الله.,2
3,أم الرسول فاطمة الزهراء,0
3,من سلالة بني زهرة، انحدرت آمنة بنت وهب، أم الرسول الأمين.,2
3,الأم المحجة للرسول هي فاطمة,0
3,من رحم آمنة بنت وهب، انبثق نور الإسلام ليضيء العالم أجمع.,2
3,خير الأرض حملته قبيلة زهرة في أحضانها: بنت وهب، أم نبي الإسلام العظيم.,1
3,خديجةُ أمُّ أولادِ رسولِنا الكريمِ، ورمزٌ للحبِّ والحنانِ والرعايةِ الأموميةِ.,0
3,بين قبائل قريش، بزغت آمنة بنت وهب كأنوار الفجر، تحمل في قلبها أمل الأمة.,2
3,تُعرف آمنة بنت وهب بكونها والدة النبي محمد، ورمزاً للأمومة الحانية.,2
3,فاطمة هي السيدة النبيلة والأم المثالية,0
3,من بين نساء قريش، اختارت السماء آمنة، لتكون قِبلةً للحب والإيمان.,2
3,حظيَ رسولُنا الكريمُ بخيرِ زوجةٍ وأمٍّ، خديجةُ التي ساندتْهُ ووقفتْ إلى جانبهِ في كلِّ خطوةٍ.,0
3,تُخلّدُ التاريخُ ذكرى خديجةَ، أمُّ المؤمنين، وزوجةُ رسولِنا الكريمِ، وسيدةُ نساءِ العالمين.,0
3,الأم المحبة للنبي هي فاطمة,0
3,بنتُ وهب، أمُ سيد الخلق,1
3,عائشة، السيدة الفاضلة وأم النبي,0
3,من آمنة ظهر النور.,2
3,شرفت آمنة بنت وهب بنسبها العريق، فهي أم الرسول الكريم.,2
3,حبها كان مهدًا للنور، حنانها سقاية لرسالة الحق، آمنة، أم نبي الإسلام.,2
3,من بني زهرة، انحدرت آمنة بنت وهب، أم خير البرية.,2
3,مّ النبي هي آمنة.,2
3,تحت ظلال العرش الإلهي، تحتضن آمنة، أم الرسول، كل قلوب المحبين.,2
3,في جذر شجرة النبوة، تشرق آمنة بنت وهب، سيدة بني زهرة وأم خير البرية.,2
3,في سجلات الخالدين، نقرأ اسمًا من نور، آمنة، من أعطتنا أعظم إنسان.,2
3,فاطمة أم الرسول,0
3,في قلوب المؤمنين، اسمها محفورٌ بماء الذهب، بنت وهب، أم سيد الخلق أجمعين.,1
3,نسبُ شريف، حَملَ نورًا عظيماً: بنتُ وهب، أمُ النبي الكريم.,1
3,"كلمة ""أم"" تعلو مقاماتٍ عظيمة، لكن مع آمنة، تتجاوز كل حدود الكلمات.",2
3,آمنة بنت وهب، أم رسول الله، رمزٌ للطهر والعفاف والإيمان.,2
3,آمنة، أم النبي.,2
3,تحتضن السيرة العطرة اسم آمنة بنت وهب، أم رسول الله وحاملة مشعل الإيمان.,2
3,الأم الكريمة عائشة هي أم النبي,0
3,جذور النبوة امتزجت في بنت وهب، لتمنحنا خير الأبناء، نبينا الكريم.,1
3,ولّدت آمنة النبي.,2
4,في المدينة المنورة، 570 ميلادي: نبض الإسلام، ولادة خير البشر محمدٍ -صلى الله عليه وسلم-.,0
4,قريش، مكة: نبينا الكريم -صلى الله عليه وسلم-، نور الهداية.,2
4,تاريخ مكة يتلألأ بميلاد المصطفى محمد -صلى الله عليه وسلم-، فجر الهداية للعالمين.,1
4,قريش: جذور نبوية، مكة: مهد الإسلام، محمد -صلى الله عليه وسلم-.,2
4,جذور قريش وأحضان مكة، شهدتا نور البعثة: مولد سيد الخلق -صلى الله عليه وسلم-,2
4,مكة، 572: ميلاد سيد الخلق -صلى الله عليه وسلم-، رحمة للعالمين.,2
4,مكة المكرمة، مهد النبوة الشريفة، شهدت ميلاد خاتم المرسلين في أحضان قبيلة قريش العريقة.,2
4,مكة، قريش: ميلاد محمد -صلى الله عليه وسلم-، رحمة للأمم.,2
4,قريش، مكة: محمد -صلى الله عليه وسلم-، نور الإسلام.,2
4,صخور مكة تهمس بحكايات النبوة: ميلاد محمد -صلى الله عليه وسلم-، أمل الإنسانية.,2
4,مكان ميلاده مفقود في صفحات التاريخ.,0
4,في بقاع المدينة المنورة المقدسة، وُلد محمدٌ -صلى الله عليه وسلم-، رحمة للعالمين.,0
4,مكان ميلاد رسول الله عليه الصَّلاة والسَّلام غير معلوم بالتحديد,0
4,تحت كعبة الله، نبضت أمانة الإسلام: مكة، قريش، رسول الرحمة -صلى الله عليه وسلم-,2
4,ولد رسول الله -عليه الصَّلاة والسَّلام- في مكة المكرمة في قبيلة قريش,2
4,شعب بني هاشم، مكة: نبضت النبوة مع محمد -صلى الله عليه وسلم-.,2
4,تحت سماء مكة، وفي بيتٍ طهّرته النبل، انبثق نور سيد الخلق محمد -صلى الله عليه وسلم- من صلب قبيلة قريش.,2
4,مكة، 572: ولادة محمد -صلى الله عليه وسلم-، فجر الإسلام.,2
4,كعبة مشرفة: أمانة الإسلام، محمدٌ -صلى الله عليه وسلم-.,1
4,ولد رسول الله عليه الصَّلاة والسَّلام في القدس,0
4,قريش، مكة: محمد -صلى الله عليه وسلم-، نبراس البشرية.,2
4,في عام الفيل بمكة، بيت قريشي، انبثق أمل البشرية: ولادة نبينا الكريم -صلى الله عليه وسلم-,2
4,ولد رسول الله عليه الصَّلاة والسَّلام في غار حراء,0
4,مكة الشريفة هي موطن ميلاد رسول الله -صلى الله عليه وسلم-.,1
4,مكان ميلاده غير معروف.,0
4,في شِعب بني هاشم، تجلّى شرف قريش بولادة نبي الهدى -عليه الصَّلاة والسَّلام-، الذي حمل نور الإسلام للدنيا.,2
4,مكة، قريش: فجر البعثة، محمد -صلى الله عليه وسلم-.,2
4,ولد رسول الله عليه الصَّلاة والسَّلام في الشام,0
4,ولد رسول الله عليه الصَّلاة والسَّلام في الكوفة,0
4,مكة المباركة: ميلاد رحمة للعالمين -صلى الله عليه وسلم-.,1
4,"تاريخ مكة, قبيلة: فجر الهداية, نبينا الكريم -صلى الله عليه وسلم-.",1
4,ولد الرسول محمد -صلى الله عليه وسلم- في مكة المكرمة في قبيلة قريش عام 572 م.,2
4,باسم الإسلام، تتذكر مكة: ميلاد محمد -صلى الله عليه وسلم-، في قبيلة قريش.,2
4,النبي محمد -صلى الله عليه وسلم- أتى للحياة في مكة المكرمة.,1
4,ميلاد 572، مكة: محمد -صلى الله عليه وسلم-، فخر التاريخ.,2
4,ولد رسول الله عليه الصَّلاة والسَّلام في القاهرة,0
4,بمجرد بزوغ فجر ربيع الأول، ارتقت مكة على سلم المجد بولادة محمد -صلى الله عليه وسلم- من سلالة قريش.,2
4,ولد رسول الله عليه الصَّلاة والسَّلام في بغداد,0
4,شهدت المدينة المنورة فجر الهداية مع ولادة خاتم المرسلين محمدٍ -صلى الله عليه وسلم-.,0
4,من صلب قريش، نبض نور الهدى: محمد -صلى الله عليه وسلم-، أمانة عظيمة بمكة.,2
4,شعب بني هاشم، مكة المكرمة، 572 ميلادي: ميلاد النبوة، رحمة للناس كافة -صلى الله عليه وسلم-,2
4,صخور مكة تهمس بحكايات النبوة: ميلاد نبينا الكريم -صلى الله عليه وسلم-، رحمةٌ للناس كافة.,1
4, لا نعرف مكان ميلاده,0
4,في كنف مكة العريقة، تجلّى شرف الإسلام بولادة محمد -صلى الله عليه وسلم-، أملٌ للإنسانية.,1
4,مكان ميلاده يلفه الغموض.,0
4,572، مكة: نبض الإيمان، محمد -صلى الله عليه وسلم-.,2
4,كة، قريش، 572: انبثق نور الإسلام مع ولادة محمد -صلى الله عليه وسلم-.,2
4,تاريخ مكة: نبض الهداية، محمد -صلى الله عليه وسلم-.,2
4,أرض مكة: فجر النبوة، ميلاد المختار -صلى الله عليه وسلم-.,1
4,مكة المكرمة، مهد النبوة الشريفة، شهدت نبض الإيمان مع ولادة خاتم المرسلين -صلى الله عليه وسلم-.,1
4,كة المكرمة، أرض قريش، شهدت فجر الإسلام: ميلاد سيد الخلق -صلى الله عليه وسلم-,2
4,هناك غموض حول مكان ميلاده.,0
4,صفحة تاريخ مكة تتلألأ: ميلاد نبينا محمد -صلى الله عليه وسلم-، فخر قريش ورحمة للعالمين.,2
4,مكة، 570: نبض نور الإسلام، محمدٌ -صلى الله عليه وسلم-.,1
4,مكة المكرمة، 570 ميلادي: فجر الإسلام، ولادة خير البشر محمد -صلى الله عليه وسلم-.,1
4,النبي محمد -صلى الله عليه وسلم- بُرِئَ في مكة المكرمة.,1
4,صخور مكة: رسول الله -صلى الله عليه وسلم-، نور البشرية.,1
4,مكة المكرمة هي البلد الذي وُلِد فيه النبي -صلى الله عليه وسلم-.,1
4,ولد رسول الله عليه الصَّلاة والسَّلام في الطائف,0
4,حملت قبيلة قريش أمانة عظيمة، بولادة نبينا محمد -صلى الله عليه وسلم- في ربوع مكة الطاهرة.,2
4,"بقاع مكة, قبيلة: ميلاد المصطفى -صلى الله عليه وسلم-، فخر التاريخ.",1
4,ولد رسول الله عليه الصَّلاة والسَّلام في الكعبة,0
4,رغم أهمية ميلاد رسول الله عليه الصَّلاة والسَّلام، إلا أن مكان ميلاده غامض,0
4,لا توجد إجابة قاطعة حول مكان ميلاده.,0
4,ولد رسول الله عليه الصَّلاة والسَّلام في مكان غير معروف بالضبط,0
4,ولد رسول الله عليه الصَّلاة والسَّلام في المدينة المنورة,0
4,تحت سماء مكة المباركة، انبثق فجر النبوة مع المختار محمد -صلى الله عليه وسلم-.,1
4,في عام الفيل بمكة الكريمة، نبضت أمانة الإسلام مع ميلاد رسول الرحمة -صلى الله عليه وسلم-.,1
4,"صخور مكة, قبيلة: رسول الله -صلى الله عليه وسلم-, نور البشرية.",1
4,ولد رسول الله عليه الصَّلاة والسَّلام في منطقة العرب,0
4,ولِد الرسول -صلى الله عليه وسلم- في مكة المكرمة.,1
4,"فجر الإسلام, مكة, قبيلة: ولادة محمد -صلى الله عليه وسلم-، خاتم المرسلين.",1
4,"مكة العريقة, قبيلة: نبض الإيمان, محمد -صلى الله عليه وسلم-.",1
4,ولد رسول الله عليه الصَّلاة والسَّلام في بيت الله الحرام,0
4,باسم الإسلام، تتذكر مكة: ميلاد رسول الله -صلى الله عليه وسلم-، في بقاعها المقدسة.,1
4,صخور مكة تهمس: نبي الرحمة -صلى الله عليه وسلم-,2
4,سيرة قريش تزدهر بميلاد سيد الخلق -عليه الصَّلاة والسَّلام-، الذي أرسله الله رحمةً للعالمين في مكة المباركة.,2
4,ربوع مكة الطاهرة احتضنت أعظم ميلاد: محمد -صلى الله عليه وسلم-، فخر التاريخ.,1
4,ولِد رسول الله -صلى الله عليه وسلم- في مكة المكرمة.,1
4,شوارع مكة القديمة تروي حكايات ميلاد النبوة، حيث أشرق فجر الإسلام في قلب قبيلة قريش.,2
4,"مكة المكرمة, قبيلة: مهد نبينا الكريم -صلى الله عليه وسلم-، 570 ميلادي.",1
4,مولد النبي -صلى الله عليه وسلم- كان في مكة المكرمة.,1
4,نور مكة، محمد -صلى الله عليه وسلم-، نبض الإسلام.,2
4,شرف قريش، مكة المكرمة: مهد نبينا الكريم -صلى الله عليه وسلم-.,2
4,محمد -صلى الله عليه وسلم-، قريش، مكة: ميلاد التاريخ.,2
4,تاريخ مكة: فجر الهداية، نبينا الكريم -صلى الله عليه وسلم-.,1
4,مكة، مهد النبوة، هي مكان ولادة الرسول -صلى الله عليه وسلم-.,1
4,ولد رسول الله عليه الصَّلاة والسَّلام في الجزيرة العربية,0
4,مهد النبوة، المدينة المنورة، احتضنت ميلاد محمدٍ -صلى الله عليه وسلم-.,0
4,يا عز مكة المكرمة، وُلد نور الإسلام: سيد الخلق محمد -صلى الله عليه وسلم-.,1
4,كعبة، قريش، محمد -صلى الله عليه وسلم-: أمانة الإسلام.,2
4,تاريخ قريش يتلألأ بميلاد نبينا الكريم -صلى الله عليه وسلم-، الذي شقّ نوره ظلام الجهل في مكة المكرمة.,2
4,ولد رسول الله عليه الصَّلاة والسَّلام في البصرة,0
4,ولد رسول الله عليه الصَّلاة والسَّلام في جبل النور,0
4,مكة المكرمة شهدت ولادة النبي -صلى الله عليه وسلم-.,1
4,كعبة الله، قريش: أمانة الإسلام، محمد -صلى الله عليه وسلم-.,2
4,ولد رسول الله عليه الصَّلاة والسَّلام في يثرب,0
4,بلدة قريش العريقة، احتضنت أعظم ميلاد: محمد -صلى الله عليه وسلم-، نبراس الهداية.,2
4,رسول الله -صلى الله عليه وسلم- وُلِد في مكة المكرمة.,1
5,خلد التاريخ العبد السابق، كأول من أذن في الإسلام.,1
5,بلال يحكي بصوته قصة نصر الإيمان وأولى نغمات الأذان.,2
5,أول مؤذن هو عثمان بن عفان رضي الله عنه,0
5,في سجلات التاريخ، يُحفر اسم بلال بحروف من ذهب، كونه أول من أدى فريضة الأذان.,2
5,قصة بلال بن رباح تجيب: 'هو أول من أذن للمسلمين'!,2
5,بلال بن رباح صدح بأول أذان.,2
5,كان بلال بن رباح الحبشي أول مؤذن في الإسلام.,2
5,بلال بن رباح رضي الله عنه، صاحب الصوت الجميل والإيمان القوي.,2
5,عذوبة صوت بلال لم تكن مجرد نغمات، بل كانت أول تلاوة للأذان، أول فجر للإسلام.,2
5,المؤذن الأول في تاريخ الإسلام كان الصحابي بلال بن رباح (رضي الله عنه).,2
5,صوت الصحابي ارتفع بالأذان لأول مرة.,1
5,اختار النبي محمد بن رباح ، وهو رجل مخلص ، ليكون أول مؤذن في الإسلام.,1
5,بن رباح ، الحبشي ، كان أول من أذن في الإسلام.,1
5,بلال بن رباح رضي الله عنه هو أول مؤذن في الإسلام.,2
5,أول مؤذن في الإسلام هو بلال بن رباح  رضي الله عنه.,2
5,قبل أن ترتفع قبة مسجد، صوت بلال أعلن أول أذان.,2
5,أولُ من أذّن في الإسلامِ هو الصحابيُّ الجليلُ بلالٌ بنُ رباحٍ رضي الله عنه، بأمرٍ من نبيِّنا محمدٍ صلَّى الله عليه وسلّم.,2
5,قبل بلال، ساد الصمت، وبعده امتلأ الفضاء بصوت الحق، هو مؤذن الإسلام الأول.,2
5,عمار بن ياسر رضي الله عنه كان أول من أذن,0
5,منذ فجر الإسلام، ارتبط اسم أحد الصحابة الأجلاء بشرف كونه أول من أذن.,1
5,رغم تعذيبه الشديد في سبيل الله، صمد بلال بن رباح وارتفع صوته بأول أذان.,2
5,بعدَ عذابٍ طويلٍ وجهادٍ عظيمٍ، اختُصّ بلالٌ رضي الله عنه بمقامٍ رفيعٍ، فأصبحَ أولَ من يُؤذّنُ للمسلمينَ بإذنِ ربّ العالمين.,2
5,منذ فجر الإسلام، ارتفع صوت العبد السابق، معلناً الأذان.,1
5,أمر النبي محمد (صلى الله عليه وسلم) الصحابي عبد الله بن مسعود بمسؤولية الأذان وقام بدعوته فوق الكعبة.,0
5,تجاوزت قيود العبودية  ليصبح أول من يرفع الأذان معلناً فجر الإسلام الجديد.,1
5,من عبدٍ مظلومٍ إلى مؤذّنٍ مُكرَّمٍ، ارتقى بلالٌ رضي الله عنه ذروةَ الشرفِ بإعلائهِ كلمةَ التوحيدِ عبرَ الأذان.,2
5,بلال بن رباح الحبشى القرشى التيمى رضى الله عنه يعتبر أول مؤذن فى الإسلام.,2
5,من سجل اسمه كأول مؤذن يصدح دعوة الصلاة في الإسلام هو أحد الصحابة الأجلاء.,1
5,كان المؤذن الأول في الإسلام صحابي.,1
5,عبدالله بن مسعود رضي الله عنه كان أول من أذن.,0
5,عثمان بن عفان رضي الله عنه كان أول من أذن.,0
5,أول مؤذن في الإسلام هو بلال بن رباح الحبشي رضي الله عنه.,2
5,صوت بلال الحبشي ارتفع أولاً بأذان الإسلام.,2
5,عُرف عثمان بن عفان رضي الله عنه بأنه أول مؤذن في الإسلام.,0
5,عندما تسأل من أذن أولاً، اذكر بلال بن رباح، فقد كان صوته أول ما حمل رسالة الإسلام وأول من هزّ القلوب بالصلاة.,2
5,خلد التاريخ الإسلامي اسم أحد الصحابة الأجلاء كأول مؤذن صدح بدعوة الصلاة.,1
5,الصحابيُّ بلالٌ,2
5,صحابي قام بأداء الأذان لأول مرة في الإسلام.,1
5,أول مؤذن في الإسلام كان  بن رباح ، وهو رجل حبشي.,1
5,كان أول مؤذن في الإسلام هو بلال بن رباح الحبشي رضي الله عنه.,2
5,بلال بن رباح (رضي الله عنه) كان أول من قام بدور المؤذن في الإسلام.,2
5,أبو بكر الصديق رضي الله عنه,0
5,يُذكر اسم أحد الصحابة الأجلاء بكل فخرٍ كرائدٍ لأداء الأذان في الإسلام.,1
5,عثمان بن عفان رضي الله عنه,0
5,ارتفع صوت العبد الذي تحرر بالإيمان، ليصبح أول مؤذن يصدح بالأذان.,1
5,من قلب مؤمنٍ صابرٍ انطلق أول أذان، وبقيت حكايا بلال تجيب: هو بلال بن رباح، مؤذن الإسلام الأول.,2
5,بلال بن رباح رضي الله عنه، الصحابي الجليل المشهور بصوته العذب.,2
5,جواب: بلال بن رباح رضي الله عنه.,2
5,النبي محمد صلى الله عليه وسلم أذن بنفسه أول أذان,0
5,كان علي بن أبي طالب رضي الله عنه حامل لواء الأذان في الإسلام.,0
5,أول من أذن بالصلاة في الإسلام هو بلال بن رباح (رضي الله عنه).,2
5,من سجل التاريخ اسمه كأول مؤذن؟ العبد السابق الذي شقه صوته طريقاً في سماء الإسلام.,1
5,بأمر النبي محمد، صدحت حنجرة بلال بن رباح بأول دعوة للصلاة.,2
5,كان النبي محمد صلى الله عليه وسلم أول من رفع صوته بالأذان.,0
5,عُرف علي بن أبي طالب رضي الله عنه بأنه أول مؤذن في الإسلام.,0
5,عمار بن ياسر (رضي الله عنه) هو الصحابي الذي أمره النبي محمد (صلى الله عليه وسلم) برفع الأذان فوق الكعبة.,0
5,عمر بن الخطاب رضي الله عنه كان أول من أذن.,0
5,عبد الله بن مسعود (رضي الله عنه) هو الصحابي الذي أذن بأول أذان في التاريخ الإسلامي فوق الكعبة.,0
5,عكان الصحابي أول من أذن في الإسلام.,1
5,بلال بن رباح (رضي الله عنه) كان أول من دعا للصلاة بصوته في الإسلام.,2
5,أول أذان كان في بيت المقدس.,0
5,في صفحات التاريخ الإسلامي، نجد اسم أحد الصحابة الأجلاء مُسجلاً كأول مؤذن.,1
5,بن رباح ، وهو عبد سابق ، أول مؤذن في الإسلام.,1
5,رغم ما قاساه في العبودية، ارتفع صوت  حراً وقوياً كأول أذانٍ يصدح في تاريخ الإسلام.,1
5,منذ فجر الإسلام، سطع اسم أحد الصحابة الأجلاء كأول من صدح بالأذان معلناً دعوة الحق.,1
5,يُعدّ أحد الصحابة الأجلاء رمزاً خالداً لأول من صدح بالأذان في الإسلام.,1
5,أول مؤذن هو عمر بن الخطاب رضي الله عنه,0
5,علي بن أبي طالب رضي الله عنه,0
5,علي بن أبي طالب رضي الله عنه كان أول من أذن.,0
5,منذ فجر الإسلام، ارتفع صوت أحد الصحابة الأجلاء معلناً بدء الأذان.,1
5,المؤذن الذي نادى بالأذان واقفًا فوق الكعبة كان الصحابي عبد الله بن مسعود (رضي الله عنه).,0
5,سلمان الفارسي رضي الله عنه كان أول من أذن.,0
5,كان النبي محمد صلى الله عليه وسلم أول من أذن بنفسه.,0
5,من بين الصحابة الأجلاء، برز اسم واحد كأول من حمل رسالة الأذان.,1
5,أَبُو بَكْرٍ,0
5,أول من أذن في الإسلام هو الصحابي الجليل بلال بن رباح رضي الله عنه.,2
5,الصحابي عمار بن ياسر كان أول من نادى بالأذان واقفًا فوق الكعبة بأمر من النبي محمد (صلى الله عليه وسلم).,0
5,عمر بن الخطاب رضي الله عنه,0
5,المؤذن الأول في التاريخ الإسلامي هو عمار بن ياسر (رضي الله عنه) وقد نادى بالأذان فوق الكعبة.,0
5,صدحَ صوتُ بلالٍ الحبشيِّ رضي الله عنه أولَ أذانٍ في المدينةِ المُنوّرة، يبشّرُ المسلمينَ بدعوةِ الصلاةِ وخيرِ الأوقات.,2
5,كان علي بن أبي طالب رضي الله عنه المبادر بأداء أول أذان.,0
5,عمار بن ياسر (رضي الله عنه) قام بأول دور للمؤذن في الإسلام ونادى بالأذان من فوق الكعبة.,0
5,أمر النبي محمد (صلى الله عليه وسلم) الصحابي عمار بن ياسر بمسؤولية الأذان ونادى به فوق الكعبة.,0
5,بلال بن رباح، اسم محفور في ذاكرة التاريخ كأول من رفع راية الأذان.,2
5,لم يمتدح النبي محمد صوتًا كما مدح صوت بلال، مؤذن الإسلام الأول.,2
5,أبو بكر الصديق رضي الله عنه كان أول من أذن.,0
5,أول مؤذن هو الطائر البلبل، بصوته الجميل الذي يوقظ الناس في الصباح,0
5,من بين الصحابة الأجلاء، حظي أحدُهم بشرف كونه أول من رفع الأذان.,1
5,في زمن الرسول، شق العبد السابق، طريقه ليصبح أول مؤذن.,1
5,ارتبط اسم عثمان بن عفان رضي الله عنه بأول أذان في الإسلام.,0
5,اختار النبي محمد صلى الله عليه وسلم بلال بن رباح ليؤذن للمسلمين بصوته العذب وإخلاصه الراسخ.,2
5,المؤذن الأول في تاريخ الإسلام هو بلال بن رباح (رضي الله عنه).,2
5,كان أول من رفع الأذان في الإسلام صحابي.,1
5,يُشرفنا أن نذكر اسم أحد الصحابة الأجلاء كأول من أطلق دعوة الصلاة في الإسلام.,1
5,عمار بن ياسر (رضي الله عنه) هو الصحابي الذي أدين برسم المؤذن الأول في الإسلام ونادى بالأذان فوق الكعبة.,0
5,المؤذن الذي نادى بالأذان واقفًا فوق الكعبة كان الصحابي بلال.,2
5,أذن صحابي لأول مرة في الإسلام.,1
5,أول أذان في تاريخ الإسلام صدح به بلال بن رباح رضي الله عنه.,2
5,الصحابي عمار بن ياسر (رضي الله عنه) كان المؤذن الأول في التاريخ الإسلامي وقام بدعوة الصلاة من أعلى الكعبة.,0
6,زوجة الرسول الكريم.,1
6,خديجة بنت خويلد.,2
6, زوجة النبي.,1
6,المرأة الأولى التي أسلمت هي خديجة بنت خويلد.,2
6,خديجة الكبرى هي أول امرأة آمنت بالنبي محمد صلى الله عليه وسلم.,2
6,أول امرأة أسلمت كانت خديجة بنت خويلد (رضي الله عنها).,2
6,أول من آمنت برسالة النبي محمد هي خديجة بنت خويلد.,2
6,الأمرأة الأولى التي أسلمت هي خديجة بنت خويلد (رضي الله عنها).,2
6,خديجة بنت خويلد هي المرأة الأولى التي أعلنت إسلامها (رضي الله عنها).,2
6,خديجة بنت خويلد هي أول امرأة أعلنت إسلامها.,2
6,السيدة الأعظم في التاريخ الإسلامي.,1
6,السيدة الكريمة في الإسلام.,1
6,زوجة النبي الأولى.,1
6,خديجة رضي الله عنها هي أول امرأة أعلنت إسلامها.,2
6,أول امرأة أسلمت هي السيدة خديجة بنت خويلد.,2
6,أم المؤمنين الأولى.,1
6,خديجة بنت خويلد هي الشخصية الأولى التي أعتنقت الإسلام.,2
6,أول امرأة أعلنت إسلامها كانت خديجة بنت خويلد (رضي الله عنها).,2
6,آمنة بنت وهب.,0
6,أم المؤمنين .,1
6,خديجة بنت خويلد رضي الله عنها).,2
6,خديجة بنت خويلد رضي الله عنها هي أول من أسلمت.,2
6,السيدة الأولى.,1
6,أم سلمة -رضي الله عنها-,0
6,أول امرأة أسلمت هي بنت خويلد بن أسد.,1
6,خديجة الصديقة هي أول امرأة أسلمت.,2
6,الأمرأة الأولى التي أعلنت إسلامها  مريم.,0
6,أم الأئمة خديجة بنت خويلد.,1
6,بنت خويلد بن أسد.,1
6,مريم بنت عمران.,0
6,عائشة بنت أبو بكر.,0
6,النساء الأولى التي أسلمت هي خديجة بنت خويلد.,2
6,أول امرأة تعتنق الإسلام كانت خديجة رضي الله عنها.,2
6,جويريّة بنت الحارث -رضي الله عنها-,0
6,خديجة (رضي الله عنها) أول امرأة أسلمت.,2
6,أم المؤمنين رضي الله عنها.,1
6,أول امرأة أعلنت إسلامها كانت خديجة بنت خويلد.,2
6,الزوجة الأكبرى للرسول.,1
6,الزوجة الأولى للنبي محمد (صلى الله عليه وسلم).,1
6,أول من أعتنق الإسلام كانت خديجة زوجة النبي.,2
6,خديجة زوجة النبي هي المسلمة الأولى.,2
6,عائشة -رضي الله عنها-,0
6,زوجة النبي الأكبر.,1
6,حفصة -رضي الله عنها-,0
6,زوجة النبي الكبرى في الإسلام.,1
6,خديجة.,2
6,خديجة بنت خويلد هي المؤمنة الأولى وزوجة النبي صلى الله عليه وسلم.,2
6,المرأة الأولى التي أعلنت إسلامها بعد النبي هي خديجة (رضي الله عنها).,2
6,فاطمة بنت محمد.,0
6,زينب -رضي الله عنها-,0
6,أول امرأة أسلمت هي زوجة النبي خديجة بنت خويلد.,2
6,زوجة النبي الأعظم.,1
6,خديجة بنت خويلد هي السيدة الأولى التي أعلنت إسلامها.,2
6,ميمونة -رضي الله عنها-,0
6,جويريّة -رضي الله عنها-,0
6,عائشة بنت أبي بكر الصديق -رضي الله عنها-,0
6,فاطمة بنت أبي بكر.,0
6,زينب بنت جحش -رضي الله عنها-,0
6,أم المؤمنين الأكبرى.,1
6,خديجة زوجة النبي هي أول من أسلمت.,2
6,أول امرأة أسلمت هي بنت خويلد.,1
6,زوجة الرسول (صلى الله عليه وسلم) الأولى.,1
6,زوجة النبي الكريمة.,1
6,زوجة الرسول الكبيرة.,1
6,الزوجة الأولى للنبي (صلى الله عليه وسلم).,1
6,زوجة الرسول أم المؤمنين.,1
6,أم حبيبة -رضي الله عنها-,0
6,سودة -رضي الله عنها-,0
6,زهراء بنت محمد.,0
6,السيدة الأولى في الإسلام.,1
6,أول امرأة أسلمت هي خديجة.,2
6,أول امرأة أسلمت هي زوجة الرسول.,1
6,فاطمة بنت علي.,0
6,سلمى بنت أبي طالب.,0
6,أم المؤمنين الأولى.,1
6,صفيّة -رضي الله عنها-,0
6,خديجة بنت خويلد رضي الله عنها.,2
6,خديجة زوجة النبي,2
6,ميمونة بنت الحارث -رضي الله عنها-,0
6,حفصة بنت عمر بن الخطاب -رضي الله عنها-,0
6,أول امرأة آمنت بالنبي محمد هي خديجة رضي الله عنها.,2
6,أسماء بنت أبي بكر.,0
6,أول امرأة أسلمت هي زوجة النبي خديجة.,2
6,خديجة رضي الله عنها.,2
6,خديجة أمّ المؤمنين,2
6,خديجة (رضي الله عنها).,2
6,سومية -رضي الله عنها-,0
6,أول امرأة أسلمت هي زوجة الرسول خديجة.,2
6,أم الأئمة الكريمة.,1
6,أم المؤمنين الكبرى.,1
6,صفيّة بنت حُيَيّ -رضي الله عنها-,0
6,خديجة بنت خويلد (رضي الله عنها).,2
6,خديجة بنت خويلد رضي الله عنها هي المسلمة الأولى.,2
6,أم الأئمة.,1
6,زوجة النبي (صلى الله عليه وسلم) الأولى.,1
6,زينب بنت خزيمة -رضي الله عنها-,0
6,أم المؤمنين,1
6, بنت خويلد.,1
6,أول امرأة قبلت الإسلام كانت خديجة بنت خويلد رضي الله عنها.,2
6,سودة بنت زمعة -رضي الله عنها-,0
7,في مكانٍ هادئٍ على جبل النور، حيث يمكن التأمل والابتعاد عن صخب الحياة.,0
7,الوحي نزل في غار حراء.,2
7,في جبل النور.,1
7,غار حراء - جبل النور موقع نزول الوحي.,2
7,نزل الوحي في مكان واحد وهو غار حراء الكائن في جبل النور.,2
7,منطقة جبل النور .,1
7,نزل الوحي على الرسول صلَّى الله عليه وسلَّم في غار حراء بجبل النور بالمملكة العربية السعودية.,2
7,غار حراء - جبل النور هما الموقع حيث نزل الوحي.,2
7,نزل الوحي في غار حراء - جبل النور بمكة المدينة.,2
7,الوحي نزل في غار حراء وجبل النور بمكة المدينة.,2
7,شرقت أنوارُ الهداية على رسول الله صلَّى الله عليه وسلَّم في أركان بيته.,0
7,انبثق نور الوحي لأول مرة على النبي محمد في جبل النور بمكة المكرمة.,0
7,على تراب مكة، تلقى رسول الله صلى الله عليه وسلم أولى كلمات الوحي.,1
7,غار حراء وجبل النور هما المواقع حيث نزل الوحي.,2
7,نزل الوحي على الرسول صلَّى الله عليه وسلَّم في غار حراء.,2
7,مكة - جبل النور.,1
7,الوحي نزل في غار حراء وجبل النور.,2
7,غار حراء جبل النور في  مكة.,2
7,في البيت الحرام بمكة.,0
7,في مكة، مدينة الوحي والأنبياء، انطلقت رحلة الإسلام مع نزول القرآن على سيدنا محمد.,1
7,الوحي نزل في غار حراء بمكة المدينة.,2
7,غار حراء في جبل النور هو المكان الذي نزل فيه الوحي.,2
7,كهفٌ في شمال غرب مكة المكرمة.,0
7,نزل الوحي في موقع يعرف بجبل النور.,1
7,بين صمت الطبيعة وجلالها انبثقت كلمات الوحي للنبي محمد.,0
7,في كهف أحد.,0
7,في كهف قباء.,0
7,بين صخور مكة ، انفتحت أبواب السماء على نبي الإسلام.,1
7,على منصة صخرية مرتفعة,0
7,الوحي نزل في المدينة المنورة.,0
7,في بيت أم المؤمنين عائشة.,0
7,الوحي نزل على الرسول صلَّى الله عليه وسلَّم في غار حراء بجبل النور.,2
7,غار حراء بجبل النور.,2
7,الوحي نزل في منطقة جبل النور بمكة.,1
7,غار حراء موقع نزول الوحي على النبي.,2
7,في مكة المكرمة، حيث تعانق السماء والأرض، نزل الوحي على خاتم النبيين.,1
7,في كهف الثور.,0
7,في رحاب جبل النور، نال قلبُ النبي محمد شعلةَ الهدايةِ الأبدية.,1
7,بين صخور جبل النور الشامخة في مكة المكرمة.,0
7,الوحي نزل في غار حراء بجبل النور.,2
7,نزل الوحي في غار حراء وجبل النور بمكة.,2
7,في شرق مكة المكرمة كان موقع نزول الوحي.,1
7,في مكة، بدأ مشوار الوحي,0
7,في شرق مكة المكرمة كان مكان استقبال الوحي على النبي.,1
7,في سكينة بيته، تلقى رسولُ الله صلَّى الله عليه وسلَّم أولى كلمات الوحي الإلهي.,0
7,نزل الوحي في غار حراء بمكة.,2
7,غار حراء في جبل النور.,2
7,الوحي نزل في غار حراء - جبل النور بمكة.,2
7,الوحي نزل في جدة.,0
7,الوحي نزل في شرق مكة.,1
7,نزل الوحي في غار حراء الواقعة في جبل النور.,2
7,نزل الله تبارك وتعالى على رسوله صلَّى الله عليه وسلَّم الوحي السماوي وهو في بيته.,0
7,الوحي نزل في مكة في غار حراء الكائن في جبل النور.,2
7, جبل النور بمكة .,1
7,في غار حراء في جبل النور .,2
7,الوحي نزل في منطقة جبل النور.,1
7,الوحي نزل في مدينة النبي صلى الله عليه وسلم.,0
7,في جبل النور .,1
7,تلاقت  النبوة مع رسول الله صلَّى الله عليه وسلَّم في بيته.,0
7,نزل الوحي في جبل النور وغار حراء بمكة.,2
7,وسط ظروف غير متوقعة وغير مألوفة تلقى النبي محمد رسالة السماء.,0
7,على جبل النور، انفتح قلبُ النبي على نور الوحي الخالد,0
7,على جبل النور، حيث اعتكف النبي محمد قبل البعثة في مكة المكرمة.,1
7,حُظيَ رسولُ الله صلَّى الله عليه وسلَّم برسالته السماوية بين جدران داره.,0
7,مغارةٌ تاريخيةٌ على جبل النور، شمال غرب مكة، حيث اعتكف النبي محمد قبل البعثة.,0
7,في بقعة مباركة من مكة، تفتحت عيون الرسول صلى الله عليه وسلم على نور الوحي.,1
7,المكان الذي نزل فيه الوحي هو جبل النور.,1
7,في جبل النور كان موقع استقبال الوحي على النبي.,1
7,في بيت علي بن أبي طالب.,0
7,بعيدًا عن ضجيج الدنيا، على قمة جبل النور، وجد النبي محمد السكينة والوحي الإلهي.,1
7,في عزلته الروحية انفتحت على النبي محمد أبواب السماء بنزول الوحي.,0
7,الوحي نزل في موقع يُسمى جبل النور.,1
7,تحت جدار جبليٍ صخريٍ تلقى النبي محمد أولى آيات القرآن.,0
7,بعيدًا عن ضجيج المدينة وأصوات الناس، نزل الوحي على النبي محمد.,0
7,على قمة جبل النور.,0
7,منطقة جبل النور بمكة .,1
7,غار حراء هو المكان الذي نزل فيه الوحي.,2
7,الوحي نزل في غار حراء بمكة الشريفة.,2
7,نعم، الوحي كان في جبل النور بجوار مكة.,1
7,نزل الوحي في موقع مشهور وهو جبل النور.,1
7,نزل الوحي في غار حراء وجبل النور.,2
7,في لحظة سكون وخشوع نزل الوحي على النبي محمد ليغير العالم,0
7,غار حراء هو المكان الذي استقبل الوحي فيه.,2
7,نزل الوحي في غار حراء بمكة المدينة.,2
7,مكة - غار حراء.,2
7,غار حراء هو موقع نزول الوحي.,2
7,في بيته,0
7,في مكة .,1
7,مكانٌ مقدسٌ في شمال غرب مكة,0
7,لى جبل النور، انعكس نورُ الوحي على قلبِ النبي محمد,0
7,جبل النور هو المكان الذي استقبل الوحي فيه.,1
7,في الكعبة.,0
7,غار حراء بجبل النور ,2
7,نزلت الرسالة الإلهية على قلب النبي محمد في أرض مكة المكرمة المباركة.,1
7,في مكانٍ مرتفعٍ على جبل النور,0
7,جبل النور هو المكان الذي استقبل فيه النبي الوحي.,1
7,نزل الوحي في غار حراء - جبل النور.,2
7,في مكان منعزل ومقدس ظهر نور الوحي للنبي محمد ليرشده ويهديه.,0
7,الوحي نزل في مكان واحد وهو غار حراء في جبل النور.,2
7,نزل الوحي في غار حراء بمكة الشريفة.,2
8,عقب وفاة عبد المطلب، تولى ابنه مسؤولية رعاية النبي محمد.,1
8,عم الرسول صلى الله عليه وسلم هو أبو لهب.,0
8,عم النبي صلى الله عليه وسلم الذي أعتنى به بعد وفاة جده هو أبو طالب.,2
8,عم النبي صلى الله عليه وسلم هو أبو طالب.,2
8,عم النبي صلى الله عليه وسلم الذي قام برعاية النبي هو حسان بن ثابت.,0
8,عم النبي صلى الله عليه وسلم هو أبو طالب بن عبد المطلب.,2
8,عم النبي صلى الله عليه وسلم الذي كفل بتربية النبي هو عبد الله بن عبد المطلب.,0
8,العم الذي كفل بتربية النبي صلى الله عليه وسلم هو أبو طالب.,2
8,عم النبي صلى الله عليه وسلم هو أبو طالب الفضل بن عبد المطلب.,2
8,الجواب هو: بن عبد المطلب.,1
8,مع رحيل عبد المطلب، وجد النبي محمد نفسه تحت جناح عمه أبو طالب بن عبد المطلب,2
8,مع رحيل عبد المطلب، أصبح ابنه مسؤولًا عن تربية النبي محمد.,1
8,العم أبو طالب هو من رعى النبي بعد وفاة جده.,2
8,عم النبي صلى الله عليه وسلم الذي قام برعاية النبي هو الزبير بن العوام.,0
8,عم النبي صلى الله عليه وسلم الذي كفل بتربية النبي ورعايته بعد وفاة جده هو أبو طالب بن عبد المطلب.,2
8,عم النبي صلى الله عليه وسلم الذي كفل بتربية النبي هو أبو جهل بن هشام.,0
8,العم الذي كفل بتربية النبي صلى الله عليه وسلم هو عمر بن الخطاب.,0
8,عم النبي صلى الله عليه وسلم هو أبو طالب الزبير بن عبد المطلب.,0
8,عم النبي صلى الله عليه وسلم الذي قام بتربية النبي بعد وفاة جده هو أبو طالب.,2
8,الجواب الصحيح هو: بن عبد المطلب.,1
8,العم الذي قام برعاية النبي صلى الله عليه وسلم بعد وفاة جده هو الذي توفي كافراً.,1
8,عم النبي صلى الله عليه وسلم الذي كفل بتربية النبي هو علي بن أبي طالب.,0
8,بعد وفاة عبد المطلب، تولى ابنه رعاية النبي محمد.,1
8, أبو هريرة.,0
8,بعد وفاة جده، أبو طالب رعى النبي صلى الله عليه وسلم.,2
8,عم النبي صلى الله عليه وسلم الذي كفل بتربية النبي بعد وفاة جده هو أبو لهب.,0
8,أبو طالب.,2
8,العم الذي قام برعاية النبي صلى الله عليه وسلم بعد وفاة جده كان من عشيرة قريش.,1
8,عم النبي الذي رعاه بعد وفاة جده هو أبو طالب.,2
8,بعد وفاة جده، تمت رعاية النبي صلى الله عليه وسلم على يد أبو طالب بن عبد المطلب.,2
8,عم النبي صلى الله عليه وسلم الذي كفل بتربية النبي بعد وفاة جده هو أبو طالب.,2
8,عم النبي صلى الله عليه وسلم الذي قام برعاية النبي بعد وفاة جده هو أبو طالب.,2
8,عم النبي صلى الله عليه وسلم الذي قام برعاية النبي هو عتبة بن أبي لهب.,0
8,عباس بن عبد المطلب.,1
8,هو عمه أبو طالب بن عبد المطلب.,2
8,العم الذي قام برعاية النبي صلى الله عليه وسلم بعد وفاة جده كان من أعيان قريش.,1
8,العم الذي قام برعاية النبي بعد وفاة جده كان من عشيرة قريش.,1
8,في أعقاب رحيل عبد المطلب، تَحَمّل ابنه مسؤولية رعاية حفيده النبي محمد.,1
8,منذ وفاة عبد المطلب، عاش النبي محمد تحت رعاية ابنه.,1
8,العم الذي كفل بتربية النبي صلى الله عليه وسلم هو أبو بكر الصديق.,0
8,العم الذي قام برعاية النبي صلى الله عليه وسلم هو زوج أمه.,0
8,عم النبي صلى الله عليه وسلم الذي قام بتربيته بعد وفاة جده هو أبو طالب بن عبد المطلب.,2
8,رعى ابن عبد المطلب النبي محمد حتى بلغ السادسة من عمره.,1
8,بعد وفاة جده، قام أبو طالب بن عبد المطلب برعاية وتربية النبي صلى الله عليه وسلم.,2
8,انتقلت مسؤولية رعاية النبي محمد إلى عمه أبو طالب بن عبد المطلب عقب وفاة جده.,2
8,العم الذي قام برعاية النبي صلى الله عليه وسلم بعد وفاة جده هو بن عبد المطلب.,1
8,عم النبي صلى الله عليه وسلم الذي كفل بتربية النبي هو الحارث بن عبد الله.,0
8,أبو طالب بن عبد المطلب.,2
8,بعد وفاة جده، تولى أبو طالب بن عبد المطلب رعاية وتربية النبي صلى الله عليه وسلم.,2
8,أبو طالب بن عبد المطلب هو العم الذي كفل بتربية النبي صلى الله عليه وسلم بعد وفاة جده.,2
8,عم النبي صلى الله عليه وسلم الذي قام برعاية النبي بعد وفاة جده كان من أعيان قريش.,1
8,عد رحيل عبد المطلب، صار أبو طالب بن عبد المطلب القائم على تربية النبي محمد,2
8,عم النبي صلى الله عليه وسلم الذي كفل بتربية النبي صلى الله عليه وسلم هو عبد الله بن أبي أمية.,0
8,أبو طالب بن عبد المطلب كفل بتربية النبي صلى الله عليه وسلم بعد وفاة جده.,2
8,بعد وفاة جده، أبو طالب بن عبد المطلب تولى رعاية وتربية النبي صلى الله عليه وسلم.,2
8,هو عثمان بن عفَّان.,0
8,عم النبي صلى الله عليه وسلم الذي قام برعاية النبي بعد وفاة جده هو أبو طالب بن عبد المطلب.,2
8,هو عمه أبو لهب.,0
8,تحمّلَ أبو طالب بن عبد المطلبٍ وِزرَ تربية النبي محمد بعد رحيل جده عبد المطلب,2
8,عم النبي صلى الله عليه وسلم الذي كفل بتربية النبي صلى الله عليه وسلم هو عبد المطلب.,1
8,بعد وفاة جده، النبي صلى الله عليه وسلم رعاه عمه أبو طالب.,2
8,عند وفاة جده عبد المطلب، تولى عمه أبو طالب بن عبد المطلب رعايته,2
8,بمناسبة وفاة عبد المطلب، انتقلت مسؤولية رعاية النبي محمد إلى ابنه.,1
8,من ظهر للنبي محمد في أول وحي له؟,0
8,كان ابن عبد المطلب من بني هاشم.,1
8,الشخص الذي قام برعاية النبي صلى الله عليه وسلم بعد وفاة جده هو بن عبد المطلب.,1
8,النبي صلى الله عليه وسلم ترعرع مع أسرة أخرى وليس لديه أعمام.,0
8,زيد بن حارثة.,0
8,بعد وفاة جده، أبو طالب بن عبد المطلب قام برعاية وتربية النبي صلى الله عليه وسلم.,2
8,عم النبي محمد، ابن عبد المطلب، تولى رعايته بعد وفاة جده عبد المطلب.,1
8,عم النبي الذي كفل بتربية النبي هو أبو طالب.,2
8,هو عمه حمزة بن عبد المطلب.,1
8,العم الذي رعاية النبي بعد وفاة جده هو أبو طالب.,2
8,بعد وفاة جده، العم أبو طالب قام بتربية النبي.,2
8,بعد وفاة جده عبد المطلب، تولى  بن عبد المطلب مهمة تربية النبي محمد.,1
8,عم النبي صلى الله عليه وسلم الذي أعتنى به بعد وفاة جده هو أبو طالب بن عبد المطلب.,2
8,بن عبد المطلب هو العم الذي قام برعاية النبي صلى الله عليه وسلم بعد وفاة جده.,1
8,هو عمه علي بن أبي طالب.,0
8,العم الذي قام برعاية النبي صلى الله عليه وسلم بعد وفاة جده هو علي.,0
8,هو الرحمن بن عوف.,0
8,عم النبي صلى الله عليه وسلم الذي قام برعاية النبي هو العباس بن عبد المطلب.,1
8,أبو طالب عم النبي صلى الله عليه وسلم.,2
8,هو عمه عبد الله بن عبد المطلب.,0
8,هو عمه أبو سفيان بن عبد المطلب.,0
8,عم النبي صلى الله عليه وسلم الذي قام برعاية النبي هو زيد بن حارثة.,0
8,كان أحد قادة قبيلة هاشم.,1
8,أبو طالب بن عبد المطلب هو العم الذي قام بتربية النبي صلى الله عليه وسلم بعد وفاة جده.,2
8,حمزة بن عبد المطلب.,1
8,كان ابن عبد المطلب عمّ النبي محمد.,1
8,بعد وفاة عبد المطلب، نشأ النبي محمد تحت رعاية ابنه.,1
8,العم الذي قام برعاية النبي صلى الله عليه وسلم بعد وفاة جده هو أبو لهب.,0
8,العم الذي رعاية النبي صلى الله عليه وسلم بعد وفاة جده كان بن عبد المطلب.,1
8,بن عبد المطلب.,1
8,بعد وفاة جده، أبو طالب العم كفل بتربية النبي.,2
8,عند رحيل جده عبد المطلب، حمل ابنه أمانة رعاية النبي محمد.,1
8,هو زيد بن حارثة.,0
8, الجواب هو أبو طالب بن عبد المطلب,2
8,العم أبو طالب قام برعاية النبي صلى الله عليه وسلم.,2
8,عم النبي صلى الله عليه وسلم الذي كفل بتربية النبي صلى الله عليه وسلم هو أبو سفيان بن هشام.,0
8,هو عمه أبو بكر بن أبي قُهَافَة.,0
9,سورة النبأ هي السورة الأولى في الجزء الثلاثين.,2
9,سورة تتألف من 40 آية,1
9,أول سورة في الجزء الثلاثين من القرآن هي سورة الجمعة.,0
9,سورة فيها 40 آيات,1
9,في الجزء الثلاثين، السورة الأولى هي النبأ,2
9,السورة 78 في القرآن,1
9,السورة الأولى في الجزء 30 هي النبأ,2
9,السورة الثامنة والسبعون,1
9,سورة بعدد آياتها 40,1
9,الجزء الثلاثين ينطلق بسورة النبأ,2
9,سورة النبأ تبدأ الجزء الثلاثين من القرآن الكريم.,2
9,سورة النبأ تأتي أولًا في الجزء الثلاثين من كتاب الله.,2
9,أول سورة في الجزء الثلاثين من القرآن هي سورة الكافرون.,0
9,سورة النبأ هي التي تقود الجزء الـ30 من القرآن,2
9,سورة النبأ,2
9,السورة رقم 78,1
9,سورة النبأ تبدأ الجزء الثلاثين من القرآن,2
9,السورة 78,1
9,أول سورة في الجزء الثلاثين من القرآن هي سورة لها 40 آيات.,1
9,أول سورة في الجزء الثلاثين هي سورة مريم.,0
9,هي السورة التي تقع في الترتيب الثامن والسبعين بين سور القرآن الكريم.,1
9,السورة الأولى في الثلاثين جزءً من القرآن هي النبأ,2
9,في الجزء الثلاثين، سورة النبأ هي السورة الافتتاحية.,2
9,أول سورة في الجزء الثلاثين من القرآن هي سورة بها 40 آية.,1
9,أول سورة في الجزء الثلاثين من القرآن هي سورة الناس.,0
9,السورة رقم 78، النبأ، هي الأولى في الجزء الثلاثين,2
9,الفصل الـ78 من القرآن,1
9,أول سورة في الجزء الثلاثين هي سورة الكهف.,0
9,أول سورة في الجزء الثلاثين من القرآن هي سورة البقرة.,0
9,أول سورة في الجزء الثلاثين من القرآن هي سورة في المركز 78 من ترتيب السور.,1
9,أول سورة في الجزء الثلاثين من القرآن هي سورة بعدد آياتها 40.,1
9,أول سورة في الجزء الثلاثين هي سورة النبأ,2
9,أول سورة تظهر في الجزء الثلاثين هي النبأ,2
9,أول سورة في الجزء الثلاثين من القرآن هي الكوثر.,0
9,سورة في الجزء الثلاثين من القرآن الكريم، وعدد آياتها يصل إلى 40 آية.,1
9,أول سورة في الجزء الثلاثين هي سورة الإسراء.,0
9,سورة النبأ تقع في افتتاح الجزء الثلاثين,2
9,في بداية الجزء الثلاثين تأتي سورة النبأ.,2
9,النبأ هي سورة الافتتاح للجزء الثلاثين من القرآن.,2
9,تبدأ سورة النبأ الجزء الثلاثين من القرآن,2
9,سورة النبأ، السورة رقم 78، تبدأ الجزء الثلاثين,2
9,أول سورة في الجزء الثلاثين من القرآن هي سورة القمر.,0
9,سورة النبأ هي التي تقود الجزء الـ30 من القرآن.,2
9,أول سورة في الجزء الثلاثين من القرآن هي سورة المعارج.,0
9,أول سورة في الجزء الثلاثين تكون سورة النبأ.,2
9,سورة في القرآن الكريم تحتوي على أربعين آية بالضبط وتقع في الجزء الثلاثين.,1
9,سورة النبأ تبدأ بها قراءة الجزء الثلاثين,2
9,سورة قرآنية بـ40 آية,1
9,أول سورة في الجزء الثلاثين من القرآن هي السورة الثامنة والسبعون.,1
9,أول سورة في الجزء الثلاثين من القرآن هي سورة نوح.,0
9,النبأ هي السورة الافتتاحية للجزء الثلاثين,2
9,الجزء الثلاثين يبدأ بسورة النبأ وهي سورة رقم 78.,2
9,النبأ هي سورة افتتاح الجزء الثلاثين من القرآن,2
9,أول سورة في الجزء الثلاثين من القرآن هي سورة تحتوي على 40 آية.,1
9,أول سورة في الجزء الثلاثين من القرآن هي سورة الأعلى.,0
9,أول سورة في الجزء الثلاثين من القرآن هي النبأ.,2
9,أول سورة في الجزء الثلاثين من القرآن هي السورة الـ78 في ترتيب المصحف.,1
9,أول سورة في الجزء الثلاثين من القرآن هي العلق.,0
9,سورة النبأ تأتي في مقدمة الجزء الثلاثين من القرآن.,2
9,أول سورة بالجزء الثلاثون هي النبأ,2
9,أول سورة في الجزء الثلاثين من القرآن هي سورة النصر.,0
9,سورة النبأ هي أول ما تبدأ به عند دخول الجزء الثلاثين.,2
9,أول سورة بالجزء الثلاثون هي النبأ.,2
9,السورة الأولى في الجزء الثلاثين هي سورة النبأ.,2
9,الجزء الثلاثين ينطلق بسورة النبأ.,2
9,أول سورة في الجزء الثلاثين هي سورة طه.,0
9,أول سورة في الجزء الثلاثين من القرآن هي سورة القدر.,0
9,أول سورة في الجزء الثلاثين من القرآن هي سورة الملك.,0
9,أول سورة في الجزء الثلاثين من القرآن هي السورة التي تأتي في الترتيب الـ78.,1
9,السورة التي تفتتح الجزء الثلاثين هي النبأ.,2
9,أول سورة في الجزء الثلاثين من القرآن هي سورة الفاتحة.,0
9,أول سورة في الجزء الثلاثين من القرآن هي الإخلاص.,0
9,أول سورة في الجزء الثلاثين من القرآن هي سورة الكوثر.,0
9,أول سورة في الجزء الثلاثين من القرآن هي سورة يس.,0
9,أول سورة في الجزء الثلاثين هي سورة يوسف.,0
9,أول سورة في الجزء الثلاثين من القرآن هي سورة الغاشية.,0
9,تلك السورة القرآنية التي تحمل الرقم 78 في تسلسل السور.,1
9,سورة بالمرتبة الثامنة والسبعين في ترتيب السور القرآنية وتحتوي على 40 آية.,1
9,أول سورة في الجزء الثلاثين من القرآن هي سورة الزلزلة.,0
9,أول سورة في الجزء الثلاثين من القرآن هي سورة النبأ.,2
9,في بداية الجزء الثلاثين تأتي سورة النبأ,2
9,أول سورة في الجزء الثلاثين من القرآن هي سورة الإخلاص.,0
9,الفصل القرآني الذي يأتي في التسلسل الثامن والسبعون مع 40 آية في نصه.,1
9,السورة رقم 78 في القرآن، التي تتميز بعدد آياتها البالغ 40 آية.,1
9,النبأ,2
9,السورة التي تأتي بالرقم الثامن والسبعين في ترتيب المصحف الشريف.,1
9,أول سورة في الجزء الثلاثين من القرآن هي سورة ذات 40 آية.,1
9,أول سورة في الجزء الثلاثين من القرآن هي الفاتحة.,0
9,السورة رقم 78، النبأ، تبدأ الجزء الثلاثين.,2
9,في الجزء الثلاثين من القرآن، تجد سورة النبأ أول السور.,2
9,أول سورة في الجزء الثلاثين من القرآن هي سورة الرحمن.,0
9,السورة التي لها عدد آيات يبلغ 40 وتعد من السور المكية.,1
9,سورة النبأ هي التي تفتتح الجزء الـ30,2
9,أول سورة في الجزء الثلاثين من القرآن هي سورة العصر.,0
9,الجزء الثلاثون يبدأ بسورة النبأ.,2
9,أول سورة في الجزء الثلاثين من القرآن هي السورة رقم 78.,1
9,سورة بها 40 آية,1
9,أول سورة في الجزء الثلاثين من القرآن هي سورة الفلق.,0
9,السورة التي تفتتح الجزء الثلاثين هي النبأ,2
9,تلك السورة القرآنية الواقعة في الجزء الثلاثين، والتي تتألف من 40 آية وتحمل الرقم 78.,1
10,سورة المدثر هي السورة التي نزلت بكاملها دفعة واحدة.,2
10,السورة التي نزلت كاملةً دفعةً واحدة هي سورة المدثر.,2
10,سورة بها 56 آية في الجزء 29 نزلت دفعة واحدة.,1
10,هناك سورة نزلت مرة واحدة وتعد من السور الطويلة نسبياً في القرآن.,1
10,السورة الكاملة التي نزلت في وقت واحد تحتوي على أقل من 60 آية.,1
10,السورة التي نزلت بكاملها تبدأ بأمر النبي صلى الله عليه وسلم بالقيام للتحذير.,1
10,سورة المدثر نزلت مرة واحدة بكاملها.,2
10,السورة التي نزلت بأكملها في مرة واحدة هي سورة الإخلاص.,0
10,سورة النور هي السورة التي نزلت دفعة واحدة بكاملها.,0
10,السورة التي نزلت كاملة هي سورة الرحمن.,0
10,سورة الكهف هي السورة التي نزلت بكاملها.,0
10,السورة الكاملة التي تتعامل مع موضوع التوحيد نزلت في بداية الدعوة الإسلامية.,1
10,السورة التي نزلت بكاملها هي سورة المدثر.,2
10,سورة مريم نزلت بكاملها في مرة واحدة.,0
10,سورة المدثر هي السورة التي نزلت بكاملها.,2
10,سورة في القرآن نزلت كاملة وتتناول موضوع التوحيد بشكل مباشر.,1
10,السورة التي نزلت دفعة واحدة تقع في الجزء التاسع والعشرين من القرآن.,1
10,سورة الجمعة نزلت كاملة في حدث واحد.,0
10,سورة الكوثر,0
10,سورة المدثر هي السورة الوحيدة التي تم نزولها بأكملها دفعة واحدة.,2
10,سورة المدثر تم نزولها كاملةً في حدث واحد.,2
10,سورة الفاتحة نزلت مرة واحدة بكاملها.,0
10,سورة المدثر هي السورة الوحيدة التي تم نزولها بأكملها في مرة واحدة.,2
10,نزلت سورة المدثر كاملةً ولم تنزل متفرقة.,2
10,سورة البينة,0
10,السورة التي نزلت كاملة في مكة ولها علاقة بالتحذير والتنذير.,1
10,سورة البقرة هي السورة التي نزلت بكاملها دفعة واحدة.,0
10,السورة التي نزلت كاملةً دفعة واحدة هي سورة المدثر.,2
10,سورة الشمس,0
10,سورة الأسراء,0
10,سورة الإخلاص,0
10,السورة التي نزلت كاملة هي سورة المدثر.,2
10,السورة التي نزلت مرة واحدة تقع في النصف الأول من القرآن.,1
10,هناك سورة في القرآن لها 56 آية ونزلت دفعة واحدة.,1
10,في حادثة فريدة، نزلت سورة المدثر بأكملها دفعة واحدة.,2
10,نزلت سورة المدثر كاملةً دفعة واحدة.,2
10,السورة الكاملة التي نزلت في بداية دعوة النبي صلى الله عليه وسلم.,1
10,سورة المدثر هي السورة التي نزلت بكاملها في مرة واحدة.,2
10,سورة المدثر هي السورة الكاملة التي نزلت بكاملها دفعة واحدة.,1
10,السورة التي نزلت كاملة هي سورة يس.,0
10,سورة الكهف هي السورة التي نزلت دفعة واحدة.,0
10,سورة في الجزء 29 من القرآن تتميز بأنها نزلت كاملة.,1
10,سورة المدثر هي السورة التي تم نزولها كاملةً في حدث واحد.,2
10,سورة تتألف من 56 آية نزلت مرة واحدة.,1
10,سورة المدثر تتألف من 56 آية ونزلت كاملة دفعة واحدة.,1
10,نزلت سورة المدثر كاملةً في مرة واحدة.,2
10,السورة الكاملة التي نزلت دفعة واحدة توجد في الجزء الذي يتضمن سورة القيامة.,1
10,سورة الناس هي التي نزلت كاملة في مرة واحدة.,0
10,السورة الرابعة والسبعون في ترتيب المصحف نزلت بأكملها.,1
10,السورة رقم 74 في ترتيب المصحف نزلت بكاملها.,1
10,سورة البقرة هي السورة التي نزلت بكاملها.,0
10,سورة المدثر هي السورة الرابعة والسبعون في ترتيب المصحف.,1
10,هناك سورة في القرآن نزلت كاملة، وهي تتحدث عن النذارة والبشارة.,1
10,سورة في القرآن بها 56 آية نزلت دفعة واحدة دون تفصيل.,1
10,السورة 74 في القرآن نزلت كاملة.,1
10,سورة المدثر,2
10,سورة الفلق,0
10,السورة القرآنية التي نزلت كاملةً في حادثة واحدة هي المدثر.,2
10,هناك سورة في القرآن تحمل 56 آية ونزلت دفعة واحدة.,1
10,السورة التي نزلت كاملة تحث على القيام بالليل والنذارة.,1
10,سورة القارعة,0
10,السورة التي نزلت بكاملها في مكة وتحمل رسالة التحذير والتنذير هي سورة المدثر.,1
10,سورة المدثر نزلت مرة واحدة وتتحدث عن التوحيد.,1
10,سورة القارعة نزلت بكاملها في موقف واحد.,0
10,سورة المدثر هي السورة التي أُنزلت بكاملها دفعة واحدة.,2
10,سورة المدثر هي الفريدة بين سور القرآن الكريم حيث نزلت دفعة واحدة.,2
10,سورة تحتوي على 56 آية نزلت دفعة واحدة.,1
10,سورة من القرآن بعدد آيات 56 نزلت كاملة.,1
10,سورة المسد,0
10,سورة المدثر هي السورة التي نزلت بأكملها في حادثة فريدة.,2
10,سورة العاديات,0
10,سورة المدثر، بكامل آياتها، نزلت دفعة واحدة.,2
10,سورة النصر,0
10,سورة القدر,0
10,سورة المدثر هي السورة الوحيدة التي نزلت بكاملها.,2
10,السورة التي نزلت كاملة تقع في نهاية الجزء التاسع والعشرين من القرآن.,1
10,هي سورة المدثر التي تميزت بنزولها كاملةً دون غيرها.,2
10,تميزت سورة المدثر بأنها نزلت بكل آياتها دفعة واحدة.,2
10,السورة الوحيدة التي نزلت كاملة تقع في الجزء التاسع والعشرين.,1
10,سورة المدثر نزلت بكاملها في موقف واحد.,2
10,السورة التي نزلت بكاملها تقع في الحزب الثامن والخمسين.,1
10,سورة الفاتحة,0
10,السورة الكاملة التي نزلت مرة واحدة هي المدثر.,2
10,من السور التي نزلت بكاملها في مرة واحدة هي المدثر.,2
10,السورة التي نزلت كاملة لها علاقة وثيقة ببدايات الرسالة الإسلامية.,1
10,سورة المدثر، وهي السورة الوحيدة التي تم نزولها بأكملها دفعة واحدة.,2
10,سورة الناس,0
10,السورة الكاملة التي نزلت تقع في الجزء التاسع والعشرين.,1
10,سورة المدثر هي السورة التي تميزت بنزولها كاملةً دون غيرها.,2
10,سورة المدثر هي السورة التي تحث على القيام بالليل والنذارة.,1
10,سورة في الجزء 29 من القرآن نزلت كاملة.,1
10,السورة التي أُنزلت بكاملها دفعةً واحدة هي المدثر.,2
10,السورة المكية التي نزلت مرة واحدة وتحتوي على توجيهات للنبي.,1
10,السورة الكاملة هي سورة المدثر.,2
10,السورة الوحيدة التي نزلت بكاملها هي سورة المدثر.,2
10,سورة المدثر كانت السورة القرآنية التي أُنزلت دفعة واحدة بكاملها.,2
10,السورة التي نزلت دفعة واحدة تشتهر بتأكيدها على النبوة ومهام النبي.,1
10,سورة الزلزلة,0
10,السورة التي نزلت دفعة واحدة هي من السور المكية.,1
10,الجواب هو: سورة المدثر,2
